{
    "1920x1080": {
        "scale_factor": 0.655879573259221,
        "img_offset": [
            0,
            0
        ]
    },
    "800x480": {
        "scale_factor": 0.20362684821383742,
        "img_offset": [
            0,
            0
        ]
    }
}